{
    "displayName": "[cyan]Vanilla Upgraded\n",
    "name": "vanilla-upgraded",
    "author": "[red]Mesokrix",
    "description": "\n[lightgray]Add things that can boost your [gold]vanilla experience [lightgray]!\n\n[lightgray]U can follow the advancement of the mod in the official [gold]Vanilla-Upgraded [lightgray]discord server !\n\n[white]https://discord.gg/TQpdDKn\n\n[lightgray]Co-developer: [blue]VozDuh[lightgray] and [crimson]Summet[orange]#4530",
    "minGameVersion": "119",
    "version": "[white]3.0"
}
