{
    "localizedName": "Voidron Collider",
    "description": "collides stuff to make void",
    "baseEfficiency": 1,
    "boostScale": 2,
    "flameColor": "8f00ff",
    "outputLiquid": {
        "liquid": "void-liquid-void",
        "amount": 8,
    },
    "craftTime": 720,
    "updateEffect": "none",
    "updateEffectChance": 0,
    "hasItems": true,
    "hasLiquids": true,
    "hasPower": true,
    "outputsLiquid": true,
    "consumesPower": true,
    "acceptsItems": true,
    "itemCapacity": 20,
    "liquidCapacity": 20,
    "consumes": {
        "power": 666,
        "items": {
            "items": [
                "copper/1",
                "lead/1",
                "metaglass/1",
                "graphite/1",
                "sand/1",
                "coal/1",
                "titanium/1",
                "thorium/1",
                "scrap/1",
                "silicon/1",
                "plastanium/1",
                "phase-fabric/1",
                "surge-alloy/1",
                "spore-pod/1",
                "blast-compound/1",
                "pyratite/1",
            ],
        },
    },
    "displayFlow": false,
    "destructible": true,
    "solid": true,
    "breakable": true,
    "placeableOn": false,
    "floating": true,
    "size": 5,
    "requirements": [
        "copper/420",
        "phase-fabric/69",
    ],
    "category": "crafting",
    "buildVisibility": "shown",
}
