{
  "type": "LiquidConverter",
  "outputLiquid": {
    "liquid": "thorium-liquid",
    "amount": 0.2
  },
  "craftTime": 100,
  "size": 2,
  "hasPower": true,
  "hasItems": true,
  "hasLiquids": true,
  "rotate": false,
  "solid": true,
  "outputsLiquid": true,
  "drawer": "DrawMixer",
  "consumes": {
    "power": 1.2,
    "item": "thorium",
    "liquid": {"liquid": "cryofluid", "amount": 0.2}
  },
  "requirements": [
    {"item": "thorium", "amount": 20},
    {"item": "graphite", "amount": 35},
    {"item": "titanium", "amount": 45},
    {"item": "silicon", "amount": 60},
    {"item": "plastanium", "amount": 10}
  ],
  "category": "crafting",
  "research": "cryofluid-mixer",
}