{
	"type": "GenericSmelter",
    "size": 2,
    "hasItem": true,
    "hasPower": true,
    "hasLiquid": true,
    "updateEffect": "smeltsmoke",
    "craftTime": 120,
    "consumes": {
		"power": 2,
		"items": {
			"items": [
				{"item": "oberald", "amount": 2}
			]
		},
	    "liquid": {
			"liquid": "slag",
			"amount": 0.2
	    }
    },
    "requirements": [
      {"item": "tungstene", "amount": 150},
      {"item": "copper", "amount": 100},
      {"item": "lead", "amount": 100}
    ],
    "category": "crafting",
    "research": "melter",
    "idleSound": "respawning",
    "idleSoundVolume": 0.5,
	"outputLiquid": {
		"liquid": "oberald-liquid", 
		"amount": 8
	}
}
