{    
    "type": "GenericCrafter",
    "size": 2,
    "hasPower": true,
    "hasLiquids": false,
    "hasItems": true,
    "craftTime": 90,
    "updateEffect": "smeltsmoke",
    "consumes": {
        "power": 1.8,
        "items": {
            "items": [
                {"item": "lead", "amount": 2},
                {"item": "graphite", "amount": 1}
            ]
        }
    },
    "requirements": [
        {"item": "lead", "amount": 80},
        {"item": "copper", "amount": 120},
        {"item": "graphite", "amount": 80}
    ],
    "category": "crafting",
    "research": "pyratite-mixer",
    "idleSound": "respawning",
    "idleSoundVolume": 0.5,
    "outputItem": {
        "item": "lithium",
        "amount": 1
    }
}