{  
    "type": "GenericSmelter",
    "size": 5,
    "hasPower": true,
    "hasLiquids": false,
    "hasItems": true,
    "craftTime": 120,
    "updateEffect": "smeltsmoke",
    "consumes": {
        "power": 3.5,
        "items": {
			"items": [
				{"item": "titanium", "amount": 4},
				{"item": "coal", "amount": 5}
			]
        }
    },
    "requirements": [
		{"item": "silicon", "amount": 160},
		{"item": "titanium", "amount": 160},
		{"item": "lithium", "amount": 120},
		{"item": "graphite", "amount": 120},
		{"item": "lead", "amount": 230}
    ],
    "category": "crafting",
    "research": "plastanium-compressor",
    "idleSound": "respawning",
    "idleSoundVolume": 0.5,
    "outputItem": {
		"item": "plastanium",
		"amount": 3
	}
}
