{  
    "type": "GenericSmelter",
    "size": 3,
    "hasPower": true,
    "hasLiquids": false,
    "hasItems": true,
    "craftTime": 120,
    "updateEffect": "smeltsmoke",
    "consumes": {
		"power": 0.7,
		"items": {
			"items": [
			{"item": "titanium", "amount": 2},
			{"item": "graphite", "amount": 2},
			{"item": "silicon", "amount": 2}
			]
		}
    },
    "requirements": [
		{"item": "lead", "amount": 60},
		{"item": "titanium", "amount": 55},
		{"item": "silicon", "amount": 50},
		{"item": "copper", "amount": 70}
    ],
    "category": "crafting",
    "research": "pyratite-mixer",
    "idleSound": "respawning",
    "idleSoundVolume": 0.5,
    "outputItem": {
		"item": "thorium", 
		"amount": 2
	}
}
