{
	"type": "Separator",
	"size": 2,
	"hasItems": true,
	"hasLiquids": true,
	"hasPower": true,
	"updateEffect": "smeltsmoke",
	"craftTime": 80,
	"consumes": {
		"power": 5,
		"liquid": {
			"liquid": "oberald-liquid", 
			"amount": 0.1
		}
	},
	"requirements": [
		{"item": "copper", "amount": 200},
		{"item": "lead", "amount": 200},
		{"item": "lithium", "amount": 300}
	],
	"category": "crafting",
	"idleSound": "respawning",
	"idleSoundVolume": 0.5,
	"research": "four",
	"results": [
		{"item": "obsidienne", "amount": 4},
		{"item": "emeraude", "amount": 1}
	]
}