{	
	"type": "GenericSmelter",
	"size": 4,
	"hasPower": true,
	"hasLiquids": false,
	"hasItems": true,
	"craftTime": 150,
	"updateEffect": "smeltsmoke",
	"consumes": {
		"power": 5,
		"items": {
			"items": [
				{"item": "silicon", "amount": 5},
				{"item": "tungstene", "amount": 3},
				{"item": "thorium", "amount": 4}
			]
		}
	},
	"requirements": [
		{"item": "silicon", "amount": 160},
		{"item": "lead", "amount": 160},
		{"item": "thorium", "amount": 140},
		{"item": "titanium", "amount": 160},
		{"item": "lithium", "amount": 140}
	],
	"category": "crafting",
	"research": "alloy-smelter",
	"idleSound": "respawning",
	"idleSoundVolume": 0.5,
	"outputItem": {
		"item": "surge-alloy",
		"amount": 3
	}
}