{ 
  "size": 4,
  "hasPower": true,
  "hasLiquids": true,
  "hasItems": true,
  "updateEffect": "smeltsmoke",
  "liquidCapacity": 50,
  "itemCapacity": 30,
  "consumes": {
    "power": 2.6,
    "items": {
      "items": [
        {"item": "aliage-resist", "amount": 10},
        {"item": "aliage-supra", "amount": 5}
      ]
    },
    "liquid": {"liquid": "oberald-liquid", "amount": 1}
  },
  "requirements": [
    {"item": "aliage-supra", "amount": 300},
    {"item": "silicon", "amount": 250},
    {"item": "phase-fabric", "amount": 200},
    {"item": "surge-alloy", "amount": 150},
    {"item": "aliage-resist", "amount": 150}
  ],
  "category": "crafting",
  "research": "usineasupra",
  "idleSound": "respawning",
  "idleSoundVolume": 0.5,
  "outputItem": {"item": "vibro", "amount": 1}
}