{
	"type": "PowerTurret",
	
	"size": 2,
	"health": 360,
	"range": 200,
	"reloadTime" : 70,
	"inaccuracy": 2,
	"shots" : 1,
	
	"targetAir" : false, 
	"targetGround" : true,
	"shootCone" : 1,
	"spread" : 2,
	
	"recoil" : 3,
	"restitution" : 0.5, 
	"rotatespeed": 4,

	"shootSound" : "laser",

	"chargeTime" : 70,
	"chargeMaxDelay" : 30,
	"chargeEffects" : 7,
	
	"chargeEffect" : "lightningCharge",
	"chargeBeginEffect" : "lancerLaserChargeBegin",

    "powerUse" : 3,
	"hasPower" : true,
	"shootType" : {
		"type" : "BasicBulletType",
		"damage": 70,	
		"height" : 40,
		"width" : 10,			
		"speed": 3.0,
		"lifetime" : 80,

		"status" : "melting",

		"hitEffect": "hitLancer",
		"shootEffect": "blockExplosionSmoke",
		"pierce": true,
		"smokeEffect": "shootSmall",
		"frontColor": "bbdefb",
		"backColor": "90caf9"
	},

	"requirements": [
		{ "item": "lead", "amount": 65 },
		{ "item": "graphite", "amount": 40 },
		{ "item": "silicon", "amount": 60},
		{ "item": "titanium", "amount": 30}
	],
	"category": "turret",
	"research": "multithreat"
}