{
    "type": "OverdriveProjector",
    "size": 3,
    "health": 400,
    "hasPower": true,
    "hasItem": true ,
    "baseColor": "feb380",
    "phaseColor": "ffd59e",
    "itemCapacity": 20,
    "speedBoost": 2.25,
    "speedBoostPhase": 0.5,
    "range": 100,
    "phaseRangeBoost": 20,
    "useTime": 500,
    "consumes": {
		"power": 5,
		"items": {
			"items": [
				{"item": "phase-fabric","amount":2}
			],
			"booster": true,
			"optional": true
		}
    },
    "requirements": [
		{"item": "lead","amount":220},
		{"item": "lithium","amount":195},
		{"item": "plastanium","amount":170},
		{"item": "phase-fabric","amount":170},
		{"item": "titanium","amount":195},
		{"item": "silicon","amount":195}
    ],
    "category": "effect",
    "research": "overdrive-projector"
}