{
    "type": "MendProjector",
    "health": 960,
    "size": 3,
    "hasPower": true,
    "baseColor": "84f491",
    "phaseColor": "ffd59e",
    "healPercent": 24,
    "phaseBoost": 6,
    "range": 135,
    "reload": 300,
    "phaseRangeBoost": 30,
    "itemCapacity": 20,
    "useTime": 450,
    "consumes": {
		"power": 3,
		"items": {
			"items": [
				{"item": "phase-fabric", "amount": 2}
			],
			"booster": true,
			"optional": true
		}
    },
    "requirements": [
		{"item": "lead", "amount": 200},
		{"item": "titanium", "amount": 50},
		{"item": "silicon", "amount": 80},
		{"item": "lithium", "amount": 110}
    ],
    "category": "effect",
    "research": "mend-projector"
}