{
	"size": 6,
	"health": 7900,
	"range": 290,
	"reloadTime": 590,
	"coolantMultiplier": 1.4,
	"shootCone": 40,
	"shootDuration": 310,
	"powerUse": 30,
	"shootShake": 3,
	"firingMoveFract": 0.16,
	"targetAir": false,
	"shootEffect": "hitLancer",
	"recoil": 8,
	"hasPower": true,
	"hasLiquids": true,
	"shootSound": "laserbig",
	"activeSound": "none",
	"liquidCapacity": 60,
	"activeSoundVolume": 2.5,
	"heatColor": "59a7ff",
	"rotatespeed": 0.4,
	"expanded": true,
	"consumes": {
		"liquid": {
			"liquid": "oberald-liquid",
			"amount": 0.5
		}
	},
	"requirements": [
		{ "item": "aliage-resist", "amount": 350 },
		{ "item": "surge-alloy", "amount": 400 },
		{ "item": "graphite", "amount": 500 },
		{ "item": "plastanium", "amount": 400 },
		{ "item": "silicon", "amount": 500 },
		{ "item": "thorium", "amount": 400 },
		{ "item": "phase-fabric", "amount": 400 },
		{ "item": "aliage-supra", "amount": 300 }
	],
	"category": "turret",
	"research": "meltdown"
}