{
	"size": 5,
	"health": 3500,
	"coolantMultiplier": 1.4,
	"shootCone": 5,
	"shootDuration": 650,
	"powerUse": 15,
	"shootShake": 3,
	"firingMoveFract": 0.16,
	"targetAir": true,
	"shootEffect": "hitLancer",
	"hasPower": true,
	"hasLiquids": true,
	"shootSound": "laserbig",
	"activeSound": "none",
	"liquidCapacity": 60,
	"activeSoundVolume": 2.5,
	"heatColor": "0000ff",
	"rotatespeed": 0.3,
	"expanded": true,
	"consumes": {
		"liquid": {
			"liquid": "oberald-liquid",
			"amount": 0.5
		}
	},
	"requirements": [
		{ "item": "aliage-resist", "amount": 250},
		{ "item": "lithium", "amount": 450},
		{ "item": "lead", "amount": 500},
		{ "item": "silicon", "amount": 500},
		{ "item": "graphite", "amount": 500},
		{ "item": "titanium", "amount": 500},
		{ "item": "plastanium", "amount": 375},
		{ "item": "phase-fabric", "amount": 375},
		{ "item": "niobium", "amount": 300},
		{ "item": "surge-alloy", "amount": 300},
		{ "item": "thorium", "amount": 375}
	],
	"category": "turret",
	"research": "quantum"
}