{
	"size": 5,
	"health": 2450,
	"reloadTime": 260,
	"coolantMultiplier": 1.4,
	"shootCone": 40,
	"shootDuration": 450,
	"powerUse": 15,
	"shootShake": 3,
	"firingMoveFract": 0.4,
	"targetAir": true,
	"shootEffect": "hitLancer",
	"hasPower": true,
	"hasLiquids": true,
	"shootSound": "laserbig",
	"activeSound": "beam",
	"liquidCapacity": 60,
	"activeSoundVolume": 2.5,
	"heatColor": "ff0000",
	"rotatespeed": 0.8,
	"expanded": true,
	"consumes": {
		"liquid": {
			"liquid": "cryofluid",
			"amount": 0.7
		}
	},
	"requirements": [
		{ "item": "lead", "amount": 400},
		{ "item": "titanium", "amount": 350},
		{ "item": "silicon", "amount": 375},
		{ "item": "surge-alloy", "amount": 300},
		{ "item": "thorium", "amount": 325},
		{ "item": "plastanium", "amount": 300},
		{ "item": "lithium", "amount": 325},
	],
	"category": "turret",
	"research": "resilver"
}