{
	"name": "Bioil mixer",
	"type": "GenericCrafter",
	"description": "Squeezes bioil from Rapeseed",
	"liquidCapacity": 15,
	"outputLiquid": {"liquid": "bioil", "amount": 4},
	"hasPower": true,
	"size": 2,
	"hasLiquids": true,
	"craftTime": 10,
	"updateEffect": "smeltsmoke",
	"consumes": {
		"power": 1.0,
		"item": "raps"
	},
	"requirements": [
		{ "item": "silicon", "amount": 60 },
		{ "item": "titanium", "amount": 10 },
		{ "item": "copper", "amount": 120 }
	],
	"category": "crafting",
	"research": "melter",
	"idleSound": "machine",
}
