{
	"name": "Coalmelter",
	"type": "GenericCrafter",
	"description": "Melts coal to oil",
	"liquidCapacity": 15,
	"outputLiquid": {"liquid": "oil", "amount": 3},
	"hasPower": true,
	"size": 2,
	"hasLiquids": true,
	"craftTime": 10,
	"updateEffect": "smeltsmoke",
	"consumes": {
		"power": 1.0,
		"item": "coal"
	},
	"requirements": [
		{ "item": "silicon", "amount": 60 },
		{ "item": "titanium", "amount": 10 },
		{ "item": "copper", "amount": 120 }
	],
	"category": "crafting",
	"research": "coal-centrifuge",
	"idleSound": "machine",
}
