{
"name": "Tungsten core",
"description": "A more heavily armoured core. Cannot be removed after placing",
"type": "coreBlock",
"hasItems": true,
"itemCapacity": 4000,
"health": 2200,
"size": 3,
"requirements": [
{ "item": "silicon", "amount": 1000 },
{ "item": "lead", "amount": 1000 },
{ "item": "titanium", "amount": 1000 },
{ "item": "copper", "amount": 1000 },
{ "item": "plastanium", "amount": 1000 },
{ "item": "tungsten-parts", "amount": 1000 }
],
"category": "effect",
"research": "launch-pad"
}
