{
	"name": "Diesel mixer",
	"type": "GenericCrafter",
	"description": "Mixes great fuel",
	"liquidCapacity": 50,
	"outputLiquid": {"liquid": "diesel", "amount": 20},
	"hasPower": true,
	"size": 3,
	"hasLiquids": true,
	"craftTime": 10,
	"updateEffect": "smeltsmoke",
	"consumes": {
		"power": 0.8,
		"liquid": {
			"liquid": "bioil", 
			"amount": 1.5,
			"booster": false
		},
		"items": {
			"items": [
				{"item": "coal", "amount": 2}
			]
		}
	},
	"requirements": [
		{ "item": "copper", "amount": 50 },
		{ "item": "lead", "amount": 40 },
		{ "item": "silicon", "amount": 35 }
	],
	"category": "crafting",
	"research": "melter",
}