{
	"type": "NuclearReactor",
	"name": "Plutonium reactor",
	"description": "A thorium reactor modified to accept plutonium. Highly experimental.",
	"itemCapacity": 50,
	"size": 4,
	"heating": 0.01,
	"hasLiquids": true,
    "powerProduction": 60,
    "itemDuration" : 200,
	"updateEffect": "smeltsmoke",
	"consumes": {
		"item": "plutonium",
		"liquid": {
			"liquid": "heavy-water",
			"amount": 0.07
		}
    },
	"requirements": [
		{"item": "titanium", "amount": 100},
		{"item": "phase-fabric", "amount": 250},
		{"item": "silicon", "amount": 150},
		{"item": "surge-alloy", "amount": 40}
	],
	"category": "power",
	"research": "thermal-generator"
}
