{
	"name": "Fitogen lamp",
	"type": "GenericCrafter",
	"description": "Just grows bananas",
	"liquidCapacity": 40,
	"hasPower": true,
	"size": 2,
	"hasLiquids": true,
	"craftTime": 20,
	"updateEffect": "smeltsmoke",
	"consumes": {
		"power": 3.0,
		"liquid": {
			"liquid": "water",
			"amount": 0.8,
			"booster": false
		}
	},
	"requirements": [
		{ "item": "silicon", "amount": 60 },
		{ "item": "copper", "amount": 130 }
	],
	"category": "crafting",
	"research": "water-extractor",
	"idleSound": "respawning",
	"outputItem": {"item": "banana", "amount": 1}
}
