{
	"name": "Heatdrill",
	"description": "You personally will be bursting with the heat of this drill, so HOT",
	"type": "Drill",
	"size": 5,
	"tier": 4,
	"drillTime": 160,
	"requirements": [
		{ "item": "copper", "amount": 140 },
		{ "item": "graphite", "amount": 70 },
		{ "item": "titanium", "amount": 100 },
		{ "item": "silicon", "amount": 50 },
		{ "item": "lead", "amount": 50 },
		{ "item": "plastanium", "amount": 25 },

	],
	"consumes": {
		"power": 3.0,
		"liquid": {
			"liquid": "slag", 
			"amount": 0.1,
			"booster": true
		}
	},
	"category": "production",
	"research": "laser-drill"
}
