{
	"name": "Heavy water mixer",
	"type": "GenericCrafter",
	"description": "Mixes heavy water",
	"liquidCapacity": 50,
	"outputLiquid": {"liquid": "heavy-water", "amount": 1},
	"hasPower": true,
	"size": 2,
	"hasLiquids": true,
	"craftTime": 10,
	"updateEffect": "smeltsmoke",
	"consumes": {
		"power": 0.8,
		"liquid": {
			"liquid": "water", 
			"amount": 1.5,
			"booster": true
		}
	},
	"requirements": [
		{ "item": "copper", "amount": 50 },
		{ "item": "lead", "amount": 40 },
		{ "item": "silicon", "amount": 35 }
	],
	"category": "crafting",
	"research": "melter",
}
