{
	"name": "Heavy graphite press",
	"type": "GenericCrafter",
	"description": "Modified graphite press",
	"hasPower": false,
	"size": 2,
	"hasLiquids": false,
	"craftTime": 300,
	"updateEffect": "smeltsmoke",
	"itemCapacity": 20,
	"consumes": {
		"items": {
			"items": [
				{ "item": "coal", "amount": 7 }
			]
		},
	},
	"requirements": [
		{"item": "copper", "amount": 175},
		{"item": "lead", "amount": 300}
	],
	"category": "crafting",
	"research": "graphite-press",
	"outputItem": {"item": "graphite", "amount": 4}
}
