{
	"type": "burstTurret",
	"name": "minigun",
	"description": "Shoots faster!",
	"targetAir": true,
	"targetGround": true,
	"size": 2,
	"inaccuracy": 3,
	"reload": 6,
	"shootCone": 1,
	"rotateSpeed": 5,
	"shots": 1,
	"range": 110,
	"burstSpacing": 2,
	"ammo": {
		"titanium": {
			"speed": 9,
			"damage": 18,
			"bulletWidth": 2,
			"bulletHeight": 5,
			"shootEffect": "shootSmall",
			"smokeEffect": "shootSmallSmoke",
			"ammoMultiplier": 8
		},
		"silicon": {
			"speed": 7,
			"damage": 21,
			"homingPower" : 2,
			"homingRange" : 50,
			"bulletWidth": 3,
			"bulletHeight": 6,
			"shootEffect": "shootSmall",
			"smokeEffect": "shootSmallSmoke",
			"ammoMultiplier": 12
		},
		"thorium": {
			"speed": 8,
			"damage": 30,
			"bulletWidth": 4,
			"bulletHeight": 7,
			"shootEffect": "shootSmall",
			"smokeEffect": "shootSmallSmoke",
			"ammoMultiplier": 8
		}
	},
	"requirements": [
		{ "item": "flesh", "amount": 30 },
		{ "item": "graphite", "amount": 25 },
		{ "item": "lead", "amount": 60 },
		{ "item": "titanium", "amount": 40 },
		{ "item": "copper", "amount": 60 }
	],
	"category": "turret",
	"research": "scatter"
}
