{
	"name": "Molecular separator",
	"type": "GenericSmelter",
	"description": "Speeds up the decay of thorium, turning it into plutonium",
	"hasPower": true,
	"size": 2,
	"hasLiquids": false,
	"craftTime": 130,
	"updateEffect": "smeltsmoke",
	"consumes": {
		"power": 0.3,
		"items": {
			"items": [
				{ "item": "thorium", "amount": 2 }
			]
		},
	},
	"requirements": [
		{ "item": "silicon", "amount": 60 },
		{ "item": "phase-fabric", "amount": 25 },
		{"item": "surge-alloy", "amount": 5}
	],
	"category": "crafting",
	"research": "differential-generator",
	"idleSound": "respawning",
	"outputItem": {"item": "plutonium", "amount": 1}
}
