{
	"type": "burstTurret",
	"name": "Nova",
	"description": "Shoots far",
	"targetAir": true,
	"targetGround": true,
	"size": 4,
	"reload": 180,
	"shootCone": 40,
	"shootSound":"shootBig",
	"rotateSpeed": 1,
	"shots": 1,
	"range": 750,
	"burstSpacing": 6,
	"ammo": {
		"blast-compound": {
			"speed": 20.0,
			"damage": 340,
			"bulletWidth": 13,
			"bulletHeight": 21,
			"shootEffect": "shootBig",
			"smokeEffect": "lancerLaserShootSmoke",
			"ammoMultiplier": 3},
		"silicon": {
			"speed": 21.0,
			"damage": 290,
			"homingPower" : 2,
                        "homingRange" : 189,
			"bulletWidth": 14,
			"bulletHeight": 19,
			"shootEffect": "shootBig",
			"smokeEffect": "lancerLaserShootSmoke",
			"ammoMultiplier": 1},
		"plastanium": {
			"speed": 22.0,
			"damage": 290,
			"bulletWidth": 13,
			"bulletHeight": 21,
			"shootEffect": "shootBig",
			"smokeEffect": "lancerLaserShootSmoke",
			"ammoMultiplier": 2
		}
	},
	"requirements": [
		{ "item": "flesh", "amount": 750 },
		{ "item": "plastanium", "amount": 500 },
		{ "item": "silicon", "amount": 750 },
		{ "item": "thorium", "amount": 500 }
	],
	"category": "turret",
	"research": "arc"
}
