{
	"name": "Rape farm",
	"type": "GenericCrafter",
	"description": "Just grows rape",
	"liquidCapacity": 40,
	"hasPower": true,
	"size": 2,
	"hasLiquids": true,
	"craftTime": 20,
	"updateEffect": "smeltsmoke",
	"consumes": {
		"power": 0.5,
		"liquid": {
			"liquid": "water",
			"amount": 0.3,
			"booster": false
		},
		"item":"compost"
	},
	"requirements": [
		{ "item": "silicon", "amount": 30 },
		{ "item": "lead", "amount": 50 },
		{ "item": "copper", "amount": 70 }
	],
	"category": "crafting",
	"research": "water-extractor",
	"activeSound": "respawning",
	"outputItem": {"item": "raps", "amount": 1}
}
