{
	"loadout": "basicFoundation",
    "startingItems": [
    	{"item": "copper", "amount": 350},
    	{"item": "lead", "amount": 200},
    	{"item": "graphite", "amount": 150}
    ],
    "conditionWave": 15,
    "launchPeriod": 5,
    "requirements": [
    	{
    		"type": "ZoneWave",
    		"zone": "frozenForest", 
    		"wave": 20
    	},
    	{
    		"type": "ZoneWave",
    		"zone": "stainedMountains", 
    		"wave": 20
    	},
    	{
    		"type": "Unlock",
    		"block": "turbine-generator"
    	}
    ],
    "resources": ["copper", "lead", "coal", "sand", "scrap", "titanium", "chirunium"]
}