{
	"type": "BurstTurret",
	"health": 3500,
	"size": 4,
	"reload": 60,
	"coolantMultiplier": 0.8,
	"range": 200,
	"maxAmmo": 60,
	"inaccuracy": 12,
	"burstSpacing": 2,
	"rotatespeed": 5,
	"shots": 20,
	"recoil": 2,
	"shootShake": 2,
	"ammoUseEffect": "shellEjectBig",
	"cooldown": 0.04,
	"restitution": 0.03,
	"shootCone": 20,
	"shootSound": "shootBig",
	"xRand": 8,
	"targetAir": false,
	"targetGround": true,
	"category": "turret",
	"ammo": {
		"graphite": "standardDenseBig",
		"pyratite": "standardIncendiaryBig",
		"thorium": "standardThoriumBig",
		"chirunium": {
			"speed": 8,
			"lifetime": 60,
			"damage": 25,
			"ammoMultiplier": 2,
			"reloadMultiplier": 1.2,
			"splashDamage": 4,
			"splashDamageRadius": 28,
			"bulletWidth": 15,
			"bulletHeight": 24,
			"frontColor": "eff7ff",
			"backColor": "a0d0f8",
			"shootEffect": "shootSmall",
			"smokeEffect": "shootSmallSmoke",
			"status": "freezing",
			"statusDuration": 900
		}	
	},
	"requirements": [
		{ "item": "metasteel", "amount": 350 },
		{ "item": "graphite", "amount": 450 },
		{ "item": "carlatt-fabric", "amount": 200 },
		{ "item": "reverie-crystal", "amount": 150 }
	],
	"research": "spectre"
}