{
	"type": "GenericCrafter",
	"liquidCapacity": 10,
	"outputLiquid": {"liquid": "incendiary-fluid", "amount": 15},
	"size": 2,
	"hasPower": true,
	"hasLiquids": true,
	"hasItems": true,
	"craftTime": 60,
	"consumes": {
		"power": 0.35,
		"items": {
			"items": [
				{ "item": "pyratite", "amount": 2 }
			]
		},
		"liquid": {
			"liquid": "oil",
			"amount": 0.25
		}
	},
	"requirements": [
		{ "item": "copper", "amount": 50 },
		{ "item": "lead", "amount": 50 },
		{ "item": "thorium", "amount": 40 },
		{ "item": "silicon", "amount": 30 }
	],
	"category": "crafting",
	"research": "pyratite-mixer"
}