{
	"type": "GenericSmelter",
	"outputItem": {"item": "metasteel", "amount": 1},
	"size": 2,
	"hasPower": true,
	"hasItems": true,
	"craftTime": 60,
	"updateEffect": "none",
	"consumes": {
		"power": 3.0,
		"items": {
			"items": [
				{ "item": "titanium", "amount": 2 },
				{ "item": "thorium", "amount": 1 },
			]
		},
	},
	"requirements": [
		{ "item": "copper", "amount": 120 },
		{ "item": "lead", "amount": 100 },
		{ "item": "titanium", "amount": 80 }
		{ "item": "thorium", "amount": 40 }
	],
	"category": "crafting",
	"research": "graphite-press"
}