{
	"type": "GenericCrafter",
	"outputItem": {"item": "reverie-crystal", "amount": 1},
	"size": 3,
	"hasPower": true,
	"hasItems": true,
	"craftTime": 150,
	"updateEffect": "redgeneratespark",
	"consumes": {
		"power": 10.0,
		"items": {
			"items": [
				{ "item": "phase-fabric", "amount": 4 }
			]
		},
	},
	"requirements": [
		{ "item": "lead", "amount": 300 },
		{ "item": "plastanium", "amount": 160 },
		{ "item": "silicon", "amount": 140 },
		{ "item": "surge-alloy", "amount": 50 }
	],
	"category": "crafting",
	"research": "reverie-cutter"
}