{
    "type": "DoubleTurret",
    "health": 16000,
    "size": 4,
    "reload": 20,
    "restitution": 0.03,
    "range": 200,
    "ammoUseEffect": "shellEjectSmall",
    "inaccuracy": 6,
    "rotatespeed": 5,
    "shotWidth": 5.5,
    "ammo": {
        "copper": {
            "speed": 5,
            "lifetime": 60,
            "damage": 144,
            "bulletWidth": 28,
            "bulletHeight": 36,
            "shootEffect": "shootBig",
            "smokeEffect": "shootBigSmoke"
        },
        "silicon": {
            "speed": 6,
            "homingPower": 5,
            "lifetime": 60,
            "damage": 144,
            "bulletWidth": 28,
            "bulletHeight": 36,
            "reloadMultiplier": 1.4,
            "shootEffect": "shootBig",
            "smokeEffect": "shootBigSmoke"
        },
        "graphite": {
            "speed": 7,
            "lifetime": 60,
            "damage": 288,
            "bulletWidth": 36,
            "bulletHeight": 48,
            "reloadMultiplier": 0.6,
            "shootEffect": "shootBig",
            "smokeEffect": "shootBigSmoke"
      },
        "pyratite":
        {
            "speed": 6.4,
            "lifetime": 60,
            "damage": 352,
            "bulletWidth": 40,
            "bulletHeight": 48,
            "frontColor": "f8ad42",
            "backColor": "468021",
            "shootEffect": "shootBig",
            "smokeEffect": "shootBigSmoke",
            "fragBullet": "fireball",
            "fragBullets": 10,
            "status": "melting"
        }
    },
    "requirements": [
        { "item": "lead", "amount": 70 },
        { "item": "copper", "amount": 140 }
    ],
    "category": "turret"
}