{
	"health": 640,
	"size": 4,
	"reloadTime": 45,
	"range": 200,
	"rotateSpeed": 10,
	"maxAmmo": 10,
	"shots": 6,
	"burstSpacing": 5,
	"inaccuracy": 5,
	"xRand": 6,
	"ammoTypes": {
		"copper": {
			"type": "BasicBulletType",
			"speed": 10,
			"damage": 10,
			"width": 8,
			"height": 8,
			"hitEffect": "blastExplosion",
			"shootEffect": "shootSmall",
			"smokeEffect": "coreLand",
			"ammoMultiplier": 1,
			"knockback": 0.15,
			"hitShake": 0.25,
			"drag": -0.01,
			"sprite": "router",
			"frontColor": "#ffffff"
		}
	},
	"requirements": [
		"copper/30",
		"lead/30",
		"silicon/125"
	],
	"category": "turret",
	"research": "salvo"
}
