{
    "type": "ItemTurret",
    "health": 1400,
    "size": 3,
    "reloadTime": 18,
    "range": 220,
    "inaccuracy": 13,
    "rotatespeed": 16,
    "shots": 4,
    "burstSpacing": 3,
    "targetAir": true,
    "targetGround": false,
    "category": "turret",
    "shootCone": 50,
    "ammoTypes": {
        "scrap": {
            "damage": 3,
            "lifetime": 70,
            "speed": 4,
            "reloadMultiplier": 0.7,
            "splashDamageRadius": 26,
            "splashDamage": 24,
            "width": 8,
            "height": 10,
            "hitEffect": "flakExplosion",
            "ammoMultiplier": 5,
            "shootEffect": "shootSmall"
        },
        "lead": {
            "damage": 3,
            "lifetime": 70,
            "speed": 4.2,
            "splashDamageRadius": 17,
            "splashDamage": 29,
            "width": 8,
            "height": 10,
            "hitEffect": "flakExplosion",
            "ammoMultiplier": 4,
            "shootEffect": "shootSmall"
        },
        "metaglass": {
            "damage": 3,
            "lifetime": 70,
            "speed": 4,
            "reloadMultiplier": 1,
            "splashDamageRadius": 28,
            "splashDamage": 24,
            "width": 8,
            "height": 10,
            "hitEffect": "flakExplosion",
            "ammoMultiplier": 5,
            "shootEffect": "shootSmall",
            "fragBullet": "flakGlassFrag",
            "fragBullets": 5
        },
        "plastanium": {
            "damage": 3,
            "frontColor": "d8d97f",
            "backColor": "fffac6",
            "lifetime": 70,
            "speed": 4,
            "splashDamageRadius": 40,
            "splashDamage": 25,
            "width": 9,
            "height": 11,
            "fragBullet": "fragPlasticFrag",
            "fragBullets": 5,
            "ammoMultiplier": 3,
            "hitEffect": "plasticExplosion",
            "frontColor": "fffac6",
            "backColor": "d8d97f",
            "shootEffect": "shootBig",
            "explodeRange": 20,
            "collidesGround": true
        }
    },
    "requirements": [
        { "item": "copper", "amount": 160 },
        { "item": "lead", "amount": 100 },
        { "item": "titanium", "amount": 75}
    ],
    "research": "scatter",
    "shootSound": "shootSnap"
}
