{
    "type": "ItemTurret",
    "health": 600,
    "size": 2,
    "restitution": 0.03,
    "alternate":  true, 
    "reloadTime": 10,
    "range": 180,
    "inaccuracy": 2,
    "rotatespeed": 15,
    "targetAir": true,
    "targetGround": true,
    "category": "turret",
    "shootCone": 20,
    "ammoTypes": {
        "silicon": {
            "damage": 15,
            "homingPower": 0.68,
            "homingRange": 25,
            "lifetime": 60,
            "speed": 4,
            "reloadMultiplier": 1.7,
            "width": 8,
            "height": 10,
            "hitEffect": "flakExplosion",
            "ammoMultiplier": 5,
            "shootEffect": "shootSmall"
        },
        "graphite": {
            "damage": 15,
            "lifetime": 60,
            "speed": 4.2,
            "width": 10,
            "height": 13,
            "hitEffect": "flakExplosion",
            "ammoMultiplier": 4,
            "reloadMultiplier": 0.8,
            "shootEffect": "shootSmall"
        },
        "plastanium": {
            "damage": 20,
            "frontColor": "d8d97f",
            "backColor": "fffac6",
            "lifetime": 60,
            "speed": 4,
            "splashDamageRadius": 2,
            "splashDamage": 2,
            "width": 12,
            "height": 14,
            "hitEffect": "plasticExplosion",
            "ammoMultiplier": 3,
            "shootEffect": "shootSmall"
        }, 
        "pyratite": {
            "damage": 15, 
            "lifetime": 60,
            "inaccuracy": 3,
            "speed": 4,
            "width": 11,
            "height": 13,
            "shootEffect": "shootSmall",
            "frontColor": "f8ad42",
            "backColor": "f68021",
            "makeFire": true,
            "status": "burning",
            "trailEffect": "incendTrail"
        },
        "copper": {
            "damage": 12, 
            "lifetime": 60,
            "speed": 4,
            "width": 8,
            "height": 10,
            "ammoMultiplier": 2,
            "shootEffect": "shootSmall",
            "smokeEffect": "shootSmallSmoke"
        }
    },
    "requirements": [
        { "item": "copper", "amount": 75},
        { "item": "lead", "amount": 60 },
        { "item": "graphite", "amount": 25}
    ],
    "research": "duo",
    "shootSound": "shootBig"
}
