{
	"health": 890,
	"size": 1,
	"reloadTime": 40,
	"coolantMultiplier": 1.3,
	"shootCone": 15,
	"shootDuration": 390,
	"range": 245,
	"shootCone": 20,
	"rotatespeed": 6.5,
	"recoil": 1.2,
	"targetAir": true,
	"shootSound": "laser",
	"requirements": [
		{ "item": "copper", "amount": 1200 },
		{ "item": "lead", "amount": 890 },
		{ "item": "silicon", "amount": 950 },
		{ "item": "graphite", "amount": 890 },
		{ "item": "titanium", "amount": 950 },
		{ "item": "lithium", "amount": 1200 },
	],
	"category": "turret",
	"research": "duo"
}