{
    "targetAir": false,
    "targetGround": true,
    "health": 2200,
    "size": 4,
    "inaccuracy": 0,
    "reloadTime": 220,
    "shootCone": 20,
    "shots": 3,
    "range": 800,
    "burstSpacing": 3,
    "restitution": 0.3,
    "shootShake": 2,
    "recoil": 0.5,
    "ammoTypes": {
        "surge-alloy": {
            "speed": 28,
            "height": 30,
            "width": 17,
            "lifetime": 100,
            "damage": 175,
            "knockback": 0.5,
            "hitSize": 12,
            "frontColor": "f3e979",
            "backColor": "f3e979",
            "shootEffect": "explosion",
            "hitEffect": "bigShockwave",
            "fragBullets": 6,
            "fragBullet": {
                "type": "LightningBulletType",
                "damage": 20,
                "lightningLength": 25,
                "collidesAir": true,
            }
        },
        "plastanium": {
            "speed": 28,
            "height": 26,
            "width": 13,
            "lifetime": 100,
            "damage": 175,
            "knockback": 0.8,
            "hitSize": 12,
            "frontColor": "cbd97f",
            "backColor": "cbd97f",
            "shootEffect": "explosion",
            "hitEffect": "bigShockwave"
        },
        "aliage-supra": {
            "speed": 34,
            "height": 29,
            "width": 13,
            "lifetime": 100,
            "damage": 225,
            "knockback": 1.2,
            "hitSize": 12,
            "frontColor": "959dc2",
            "backColor": "959dc2",
            "shootEffect": "explosion",
            "hitEffect": "bigShockwave",
            "fragBullets": 16,
            "fragBullet": {
                "type": "LightningBulletType",
                "damage": 20,
                "lightningLength": 25,
                "collidesAir": true,
            }
        },
        "pyratite": {
            "speed": 28,
            "height": 28,
            "width": 15,
            "lifetime": 100,
            "damage": 150,
            "knockback": 0.5,
            "hitSize": 12,
            "frontColor": "ffaa5f",
            "backColor": "ffaa5f",
            "shootEffect": "explosion",
            "hitEffect": "bigShockwave",
            "fragBullets": 50,
            "fragBullet": "fireball"
        }
    },
    "requirements": [
        { "item": "silicon", "amount": 275 },
        { "item": "lead", "amount": 300 },
        { "item": "thorium", "amount": 250 },
        { "item": "graphite", "amount": 275 },
        { "item": "lithium", "amount": 250 },
        { "item": "plastanium", "amount": 275 },
    ],
    "category": "turret",
    "shootSound": "snipershots",
    "research": "sniper",
}