{
    "targetAir": true,
    "targetGround": true,
    "health": 2400,
    "maxAmmo": 120,
    "size": 4,
    "inaccuracy": 12,
    "alternate": false,
    "reload": 4,
    "shootCone": 20,
    "shots": 1,
    "range": 260,
    "burstSpacing": 3,
    "shootShake": 2,
    "recoil": 0.5,
    "ammoTypes": {
        "surge-alloy": {
            "speed": 9,
            "height": 9,
            "width": 17,
            "lifetime": 30,
            "damage": 5,
            "knockback": 0.5,
            "hitSize": 12,
            "frontColor": "f3e979",
            "backColor": "f3e979",
            "shootEffect": "explosion",
            "hitEffect": "bigShockwave",
            "fragBullets": 1,
            "fragBullet": {
                "type": "LightningBulletType",
                "damage": 20,
                "lightningLength": 25,
                "collidesAir": true
            }
        },
        "plastanium": {
            "speed": 9,
            "height": 9,
            "width": 17,
            "lifetime": 30,
            "damage": 4,
            "knockback": 0.8,
            "hitSize": 12,
            "frontColor": "cbd97f",
            "backColor": "cbd97f",
            "shootEffect": "explosion",
            "hitEffect": "bigShockwave"
        },
        "aliage-supra": {
            "speed": 10,
            "height": 11,
            "width": 21,
            "lifetime": 30,
            "damage": 7,
            "knockback": 1.2,
            "hitSize": 12,
            "frontColor": "959dc2",
            "backColor": "959dc2",
            "shootEffect": "explosion",
            "hitEffect": "bigShockwave",
            "fragBullets": 4,
            "fragBullet": {
                "type": "LightningBulletType",
                "damage": 20,
                "lightningLength": 25,
                "collidesAir": true
            }
        },
        "pyratite": {
            "speed": 9,
            "height": 9,
            "width": 17,
            "lifetime": 30,
            "damage": 4,
            "knockback": 0.5,
            "hitSize": 12,
            "frontColor": "ffaa5f",
            "backColor": "ffaa5f",
            "shootEffect": "explosion",
            "hitEffect": "bigShockwave",
            "fragBullets": 2,
            "fragBullet": "fireball"
        }
    },
    "requirements": [
        { "item": "silicon", "amount": 275 },
        { "item": "lead", "amount": 300 },
        { "item": "thorium", "amount": 250 },
        { "item": "graphite", "amount": 275 },
        { "item": "lithium", "amount": 250 },
        { "item": "plastanium", "amount": 275 }
    ],
    "category": "turret",
    "shootSound": "snipershots",
    "research": "mitrailleuse"
}