{
    "type": "ItemTurret",
    "targetAir": true,
    "targetGround": true,
    "shootShake": 2,
    "alternate": false,
    "health": 1700,
    "size": 3,
    "inaccuracy": 20,
    "reload": 5,
    "shootCone": 19,
    "shots": 2,
    "range": 200,
    "burstSpacing": 5,
    "maxAmmo": 80,
    "cooldown": 1.0,
    "ammoTypes": {
        "titanium": {
            "type": "BasicBulletType",
            "speed": 7,
            "width": 5,
            "height": 5,
            "lifetime": 30,
            "damage": 3,
            "frontColor": "a5b9fa",
            "backColor": "7373c7",
            "shootEffect": "coreLand",
            "hitEffect": "shootSmall"
        },
        "thorium": {
            "type": "BasicBulletType",
            "speed": 8,
            "width": 7,
            "height": 7,
            "lifetime": 30,
            "damage": 6,
            "knockback": 1.1,
            "frontColor": "faa2c7",
            "backColor": "cc8fc0",
            "shootEffect": "coreLand",
            "hitEffect": "shootSmall"
        },
        "obsidienne": {
            "type": "BasicBulletType",
            "speed": 5,
            "width": 10,
            "height": 10,
            "lifetime": 40,
            "damage": 11,
            "knockback": 1.6,
            "frontColor": "14002b",
            "backColor": "0d001c",
            "shootEffect": "explosion",
            "hitEffect": "bigShockwave"
        },
        "pyratite": {
            "type": "BasicBulletType",
            "speed": 7,
            "width": 4,
            "height": 4,
            "lifetime": 35,
            "damage": 4,
            "knockback": 1.2,
            "incendAmount": 4,
            "incendChance": 4,
            "incendSpread": 8,
            "frontColor": "ffa95e",
            "backColor": "d48048",
            "shootEffect": "coreLand",
            "hitEffect": "shootSmall"
        },
        "blast-compound": {
            "type": "BasicBulletType",
            "speed": 8,
            "width": 7,
            "height": 7,
            "lifetime": 35,
            "damage": 6,
            "knockback": 1.1,
            "splashDamage": 1.3,
            "splashDamageRadius": 2,
            "frontColor": "ff795e",
            "backColor": "c75d52",
            "shootEffect": "coreLand",
            "hitEffect": "shootSmall"
        }
     },
    "requirements": [
        { "item": "copper", "amount": 75 },
        { "item": "lead", "amount": 75 },
        { "item": "titanium", "amount": 100 },
        { "item": "silicon", "amount": 50 }
    ],
    "category": "turret",
    "shootSound": "shoot",
    "research": "swarmer"
}