{
	"type": "ItemTurret",
	"name": "Discharge",
	"description": "Shoots discharges of bullets at enemies.",
	"detail": "test",
	"size": 3,
	"health": 2050,
	"reloadTime": 48,
	"range": 180,
	"maxAmmo": 50,
	"shots": 10,
	"burstSpacing": 2,
	"shootSound" : "shootBig",
	"inaccuracy": 1,
	"shootcone": 70,
	"velocityInaccuracy": 0.1,
	"rotatespeed": 10,
	"recoilAmount" : 2,
	"targetAir" : true, 
	"targetGround" : true, 
	
	"ammoTypes": {
		"copper": {
			"type" : "BasicBulletType",
			"damage": 10,
			"speed": 8.0,
			"lifetime": 50,
			"height": 16,
			"width" : 8,
			},
		"graphite": {
			"type" : "BasicBulletType",
			"damage": 25,
			"speed": 10.0,
			"lifetime": 50,
			"height": 20,
			"width" : 9,
			"ammoMultiplier": 2
			},
		"silicon": {
			"type" : "BasicBulletType",
			"damage": 25,
			"speed": 8.0,
			"lifetime": 50,
			"height": 20,
			"width" : 6,
			"homingPower": 0.2,
			"ammoMultiplier": 4
			},
		"thorium": {
			"type" : "BasicBulletType",
			"damage": 30,
			"speed": 8.0,
			"lifetime": 50,
			"height": 24,
			"width" : 12,
			"pierce": true,
			"ammoMultiplier": 4
			},
		"surge-alloy": {
			"type" : "BasicBulletType",
			"damage": 55,
			"speed": 15.0,
			"lifetime": 50,
			"height": 22,
			"width" : 8,
			"ammoMultiplier": 4
			},
		},
		
	"requirements": [
		{ "item": "silicon", "amount": 95 },
		{ "item": "thorium", "amount": 250 }
		{ "item": "plastanium", "amount": 180 }
	],
	"category": "turret",
	"research": "salvo"
}