{
	"type": "ItemTurret",
	"name": Expel,
	"size": 3,
	"health": 2400,
	"reloadTime": 120,
	"range": 300,
	"maxAmmo": 5,
	"shots": 1,
	"shootSound" : "artillery",
	"recoilAmount" : 2,
	"targetAir" : false, 
	"targetGround" : true,
	
	"ammoTypes": {
		"graphite": {
			"type" : "ArtilleryBulletType",
			"damage": 200,
			"height": 20,
			"width" : 20,
			"speed" : 2,
			"splashDamage": 100,
			"splashDamageRadius": 25,
			"fragBullets": 10,
			"fragBullet": {
					"type" : "BombBulletType",
					"damage": 50,
					"height": 20,
					"width" : 20,
					"splashDamage": 50,
					"splashDamageRadius": 15,
				},
			},
		"silicon": {
			"type" : "ArtilleryBulletType",
			"damage": 200,
			"height": 20,
			"width" : 20,
			"speed" : 2,
			"splashDamage": 100,
			"splashDamageRadius": 25,
			"fragBullets": 10,
			"homingPower": 1,
			"homingRange": 50,
			"backColor": "53565c",
			"fragBullet": {
					"type" : "BombBulletType",
					"damage": 50,
					"height": 20,
					"width" : 20,
					"homingPower": 1,
					"homingRange": 50,
					"splashDamage": 50,
					"splashDamageRadius": 15,
					"backColor": "53565c",
				},
			},
		"pyratite": {
			"type" : "ArtilleryBulletType",
			"damage": 250,
			"height": 20,
			"width" : 20,
			"speed" : 2,
			"splashDamage": 100,
			"splashDamageRadius": 25,
			"fragBullets": 10,
			"incendAmount": 1,
			"frontColor" : "ffaa5f",
			"backColor" : "ffaa5f",
			"fragBullet": {
					"type" : "BombBulletType",
					"damage": 75,
					"height": 20,
					"width" : 20,
					"splashDamage": 50,
					"splashDamageRadius": 15,
					"incendAmount": 1,
					"frontColor" : "ffaa5f",
					"backColor" : "ffaa5f",
				},
			},
		},	
		
	"requirements": [
		{ "item": "titanium", "amount": 120 }, 
		{ "item": "thorium", "amount": 180 }
		{ "item": "graphite", "amount": 260 }
	],
	"category": "turret",
	"research": "ripple"
}