{
	"type": "ItemTurret",
	"name": Point Blank,
	"size": 4,
	"health": 4200,
	"reloadTime": 240,
	"range": 500,
	"maxAmmo": 6,
	"shots": 3,
	"inaccuracy": 26,
	"shootSound" : "artillery",
	"recoilAmount" : 6,
	"targetAir" : false, 
	"targetGround" : true,
	
	"ammoTypes": {
		"graphite": {
			"type" : "ArtilleryBulletType",
			"damage": 200,
			"height": 20,
			"width" : 20,
			"speed" : 2,
			"fragBullets": 10,
			"splashDamage": 100,
			"splashDamageRadius": 25,
			"fragBullet": {
				"type" : "BombBulletType",
				"damage": 50,
				"height": 20,
				"width" : 20,
				"splashDamage": 100,
				"splashDamageRadius": 15,
				"speed" : 2,
				},
			},
		"silicon": {
			"type" : "ArtilleryBulletType",
			"damage": 200,
			"height": 20,
			"width" : 20,
			"speed" : 2,
			"fragBullets": 10,
			"splashDamage": 100,
			"splashDamageRadius": 25,
			"homingPower": 1,
			"homingRange": 50,
			"backColor": "53565c",
			"fragBullet": {
				"type" : "BombBulletType",
				"damage": 50,
				"height": 20,
				"width" : 20,
				"splashDamage": 100,
				"splashDamageRadius": 15,
				"speed" : 2,
				"homingPower": 1,
				"homingRange": 50,
				"backColor": "53565c",
				},
			},
		"pyratite": {
			"type" : "ArtilleryBulletType",
			"damage": 250,
			"height": 20,
			"width" : 20,
			"speed" : 2,
			"fragBullets": 10,
			"splashDamage": 100,
			"splashDamageRadius": 25,
			"incendAmount": 1,
			"frontColor" : "ffaa5f",
			"backColor" : "ffaa5f",
			"fragBullet": {
				"type" : "BombBulletType",
				"damage": 75,
				"height": 20,
				"width" : 20,
				"splashDamage": 100,
				"splashDamageRadius": 15,
				"speed" : 2,
				"incendAmount": 1,
				"frontColor" : "ffaa5f",
				"backColor" : "ffaa5f",
				},
			},
		},	
		
	"requirements": [
		{ "item": "surge-alloy", "amount": 50 }, 
		{ "item": "silicon", "amount": 90 }
		{ "item": "graphite", "amount": 380 }
	],
	"category": "turret",
	"research": "expel"
}