{
	"type": "ItemTurret",
	"name": Sky Taker,
	"size": 3,
	"health": 1800,
	"reloadTime": 40,
	"range": 400,
	"maxAmmo": 20,
	"shots": 1,
	"shootSound" : "artillery",
	"inaccuracy": 1,
	"recoilAmount" : 2,
	"targetAir" : true, 
	"targetGround" : false,
	"screenshake": 0.2,
	
	"ammoTypes": {
		"titanium": {
			"type" : "ShrapnelBulletType",
			"damage": 100,
			"length": 400,
			"width" : 10,
			"toColor" :"7575C8",
			},
		"thorium": {
			"type" : "ShrapnelBulletType",
			"damage": 200,
			"length": 500,
			"width" : 25,
			"toColor" :"F8A3C7",
			},
		"surge-alloy": {
			"type" : "ShrapnelBulletType",
			"damage": 500,
			"length": 850,
			"width" : 40,
			"toColor" :"F2E878",
			"attackSpeed": 0.5,
			"ammoMultiplier": 4
			},
		},	
		
	"requirements": [
		{ "item": "titanium", "amount": 120 }, 
		{ "item": "thorium", "amount": 160 }
		{ "item": "graphite", "amount": 100 }
	],
	"category": "turret",
	"research": "tornado"
}