{
	"type": "ItemTurret",
	"name": Storm,
	"size": 4,
	"health": 3500,
	"reloadTime": 24,
	"range": 360,
	"maxAmmo": 50,
	"shots": 4,
	"shootSound" : "artillery",
	"inaccuracy": 25,
	"shootcone": 55,
	"rotatespeed": 12,
	"recoilAmount" : 4,
	"targetAir" : true, 
	"targetGround" : false, 
	
	"ammoTypes": {
		"lead": {
			"type" : "BasicBulletType",
			"damage": 25,
			"speed": 4.0,
			"lifetime": 100,
			"height": 8,
			"width" : 8,
			},
		"silicon": {
			"type" : "BasicBulletType",
			"damage": 60,
			"speed": 5.0,
			"lifetime": 100,
			"homingPower": 0.2,
			"homingRange": 48,
			"height": 12,
			"width" : 8,
			},
		"metaglass": {
			"type" : "FlakBulletType",
			"damage": 40,
			"speed": 4.0,
			"lifetime": 100,
			"height": 24,
			"width" : 16,
			"fragBullets": 5,
			"fragBullet" : {
				"type" : "ShrapnelBulletType",
				"damage": 35,
				"length": 70,
				"width" : 10,
				},
			},
		"surge-alloy": {
			"type" : "MissileBulletType",
			"damage": 85,
			"splashDamageRadius" : 40,
			"splashDamage" : 20,
			"speed": 4.0,
			"lifetime": 100,
			"height": 15,
			"width" : 15,
			"homingPower": 0.5,
			"homingRange": 96,
			"frontColor": "F2E878",
			"backColor": "D89F6B",
			"ammoMultiplier": 3
			},
		},
		
	"requirements": [
		{ "item": "silicon", "amount": 70 },
		{ "item": "lead", "amount": 180 }
		{ "item": "surge-alloy", "amount": 120 }
	],
	"category": "turret",
	"research": "tornado"
}