{
	"type": "ItemTurret",
	"name": Tornado,
	"size": 3,
	"health": 2050,
	"reloadTime": 6,
	"range": 300,
	"maxAmmo": 50,
	"shots": 2,
	"shootSound" : "shootSnap",
	"inaccuracy": 35,
	"shootcone": 70,
	"rotatespeed": 10,
	"recoilAmount" : 2,
	"targetAir" : true, 
	"targetGround" : false, 
	
	"ammoTypes": {
		"lead": {
			"type" : "BasicBulletType",
			"damage": 15,
			"speed": 5.0,
			"lifetime": 50,
			"height": 8,
			"width" : 8,
			},
		"metaglass": {
			"type" : "BasicBulletType",
			"damage": 20,
			"speed": 8.0,
			"lifetime": 50,
			"height": 10,
			"width" : 9,
			"fragBullets": 3,
			"fragBullet" : {
				"type" : "ShrapnelBulletType",
				"damage": 15,
				"length": 30,
				"width" : 10,
				},
			},
		"silicon": {
			"type" : "BasicBulletType",
			"damage": 25,
			"speed": 6.0,
			"lifetime": 50,
			"height": 16,
			"width" : 6,
			"homingPower": 1,
			},
		"blast-compound": {
			"type" : "MissileBulletType",
			"damage": 40,
			"splashDamageRadius" : 40,
			"splashDamage" : 20,
			"speed": 4.0,
			"lifetime": 50,
			"height": 10,
			"width" : 10,
			"homingPower": 5,
			"hitEffect": "plasticExplosion",
			},
		},
		
	"requirements": [
		{ "item": "silicon", "amount": 70 },
		{ "item": "lead", "amount": 160 }
		{ "item": "titanium", "amount": 120 }
	],
	"category": "turret",
	"research": "scatter"
}