{
	"type": "ItemTurret",
	"name": Vorpal,
	"size": 4,
	"health": 3500,
	"reloadTime": 30,
	"range": 180,
	"maxAmmo": 40,
	"inaccuracy": 10,
	"spread": 15,
	"shots": 5,
	"shootSound" : "artillery",
	"shootcone": 50,
	"recoilAmount" : 2,
	"targetAir" : true, 
	"targetGround" : true,
	"screenshake": 0.4,
	
	"ammoTypes": {
		"titanium": {
			"type" : "ShrapnelBulletType",
			"damage": 100,
			"length": 200,
			"width" : 8,
			"toColor" :"7575C8",
			},
		"thorium": {
			"type" : "ShrapnelBulletType",
			"damage": 120,
			"length": 250,
			"width" : 10,
			"toColor" :"F8A3C7",
			},
		"surge-alloy": {
			"type" : "ShrapnelBulletType",
			"damage": 180,
			"length": 300,
			"width" : 16,
			"toColor" :"F2E878",
			"ammoMultiplier": 4
			},
		},
		
	"requirements": [
		{ "item": "silicon", "amount": 120 },
		{ "item": "graphite", "amount": 95 }
		{ "item": "titanium", "amount": 300 }
		{ "item": "plastanium", "amount": 100 }
	],
	"category": "turret",
	"research": "lancer"
}