{
	"type": "GenericSmelter",
	"health" : 340,
	"size": 3,
	"hasPower": true,
	"hasLiquids": false,
	"hasItems": true,
	"craftTime": 60,
	"itemCapacity": 48,
	"buildCostMultiplier" : 0.6,
	"updateEffect": "melting",	
	"craftEffect": "explosion",
	"outputItem": {"item": "graphite", "amount": 12},
	"consumes": {
		"power": 4.5,
		"items": {
			"items": [
				{ "item": "coal", "amount": 12},
				{ "item": "blast-compound", "amount" : 4}
			]
		}
	},
	"requirements": [
		{ "item": "thorium", "amount": 200 },
		{ "item": "silicon", "amount": 200 },
		{ "item": "graphite", "amount": 350},
		{ "item": "titanium", "amount": 200 }
	],
	"category": "crafting",
	"research": "multi-press"
}

