{
	"type": "AttributeSmelter",
	"health" : 960,
	"size": 3,
	"hasPower": true,
	"hasLiquids": false,
	"hasItems": true,
	"craftTime": 90,
	"itemCapacity": 16,
	"buildCostMultiplier" : 0.6,	
	"attribute"	: "heat",
	"baseEfficiency": 1.0,	
	"boostScale": 0.1,
	"maxHeatBoost": 1.5,
	"updateEffect": "ballfire",
	"craftEffect": "blastsmoke",
	"outputItem": {"item": "metaglass", "amount": 8},
	"consumes": {
		"power": 5,
		"items": {
			"items": [
				{ "item": "sand", "amount": 6},
				{ "item" : "lead", "amount": 6},
				{ "item": "pyratite", "amount": 1}
			]
		}
	},
	"requirements": [
		{ "item": "silicon", "amount": 80 },
		{ "item": "titanium", "amount": 120 },
		{ "item": "plastanium", "amount": 35},
		{ "item": "metaglass", "amount": 60 }
	],
	"category": "crafting",
	"research": "kiln"
}

