{
	"type": "GenericSmelter",
	"name": "Fuel compressor",
	"description": "Put in one cell the fuel for void reactor.",
	"liquidCapacity": 100 ,
	"outputItem": {"item": "void-generator-fuel", "amount": 1},
	"size": 2,
	"hasPower": true,
	"hasLiquids": true,
	"hasItems": true,
	"craftTime": 50,
	"updateEffect": "smeltsmoke",
	"consumes": {
		"power": 0.7,
		"items": {
			"items": [
				{ "item": "schrabbidium", "amount": 2 }
			]
		},
		"liquid": {
			"liquid": "antischrabbidium",
			"amount": 0.4
		}
	},
	"requirements":
[
{ "item": "lead", "amount": 90 },
{ "item": "copper", "amount": 110 },
{"item":"thorium","amount":90},
{"item":"tungsten","amount":60}
],
	"category": "crafting",
	"research": "cryofluid-mixer"
}
