{
"type": "itemTurret",
"name": "Neon tower",
"description": "Shoot light (pew pew pew)",
"health": 700,
"size": 3,
"shots":4,
"reloadTime": 1,
"shootCone":6,
"range": 450,
"burstSpacing":10,
"targetAir":true,
"targetGround":true,
"inaccuracy": 3,
"rotatespeed": 12,
"ammoTypes": {
"neonred": {
"type": "ArtilleryBulletType",
"collidesTiles": true,
"collidesAir": true,
"collides": true,
"speed": 8.0,
"damage":15,
  "splashDamageRadius":15,
  "splashDamage":15,
  "lifetime":160,
"backColor":FF073A,
"frontColor":FF073A,
"trailColor":FF073A,
"Width": 10,
"Height": 14,
"shootEffect": "shootSmall",
"smokeEffect": "shootSmallSmoke",
"ammoMultiplier": 4},
"neongreen": {
"type": "ArtilleryBulletType",
"collidesTiles": true,
"collidesAir": true,
"collides": true,
  "splashDamageRadius":15,
  "splashDamage":15,
"speed": 8.0,
"damage":15,
"lifetime":160,
"backColor":39FF14,
"frontColor":39FF14,
"trailColor":39FF14,
"Width": 10,
"Height": 14,
"shootEffect": "shootSmall",
"smokeEffect": "shootSmallSmoke",
"ammoMultiplier": 4},
"neonviolet": {
"type": "ArtilleryBulletType",
"collidesTiles": true,
"collidesAir": true,
"collides": true,
  "splashDamageRadius":15,
  "splashDamage":15,
"speed": 8.0,
"damage":15,
"lifetime":160,
"backColor":BC13FE,
"frontColor":BC13FE,
"trailColor":BC13FE,
"Width": 10,
"Height": 14,
"shootEffect": "shootSmall",
"smokeEffect": "shootSmallSmoke",
"ammoMultiplier": 4},
"neonblue": {
"type": "ArtilleryBulletType",
"collidesTiles": true,
"collidesAir": true,
"collides": true,
  "splashDamageRadius":15,
  "splashDamage":15,
"speed": 8.0,
"damage":15,
"lifetime":160,
"backColor":4D4DFF,
"frontColor":4D4DFF,
"trailColor":4D4DFF,
"Width": 10,
"Height": 14,
"shootEffect": "shootSmall",
"smokeEffect": "shootSmallSmoke",
"ammoMultiplier": 4},
"neonorange": {
"type": "ArtilleryBulletType",
"collidesTiles": true,
"collidesAir": true,
"collides": true,
  "splashDamageRadius":15,
  "splashDamage":15,
"speed": 8.0,
"damage":15,
"lifetime":160,
"backColor":FF7F00,
"frontColor":FF7F00,
"trailColor":FF7F00,
"Width": 10,
"Height": 14,
"shootEffect": "shootSmall",
"smokeEffect": "shootSmallSmoke",
"ammoMultiplier": 4},
"neonyellow": {
"type": "ArtilleryBulletType",
"collidesTiles": true,
"collidesAir": true,
"collides": true,
  "splashDamageRadius":15,
  "splashDamage":15,
"speed": 8.0,
"damage":15,
"lifetime":160,
"backColor":F5FF00,
"frontColor":F5FF00,
"trailColor":F5FF00,
"Width": 10,
"Height": 14,
"shootEffect": "shootSmall",
"smokeEffect": "shootSmallSmoke",
"ammoMultiplier": 4}
},
"requirements": [
{"amount":100,"item":"silicon"},
{"amount":80,"item":"tungsten"},
{"amount":60,"item":"titanium"},
{"amount":250,"item":"light"},
],
"category": "turret",
"research": "spectre"
}
