{
	"type": "ItemTurret",
	"health": 1400,
	"size": 3,
	"range": 260,
	"reloadTime": 45,
	"rotateSpeed": 16,
	"shots": 5,
	"burstSpacing": 3,
	"inaccuracy": 20,
	"shootCone": 40,
	"targetAir": true,
	"targetGround": false,
	"ammoUseEffect": "casing1",
	"recoilAmount": 1.5,
	"category": "turret",
	"ammoTypes": {
		"scrap": {
			"speed": 4,
			"lifetime": 80,
			"damage": 3,
			"ammoMultiplier": 5,
			"reloadMultiplier": 0.5,
			"splashDamage": 27,
			"splashDamageRadius": 15,
			"width": 8,
			"height": 10,
			"shootEffect": "shootSmall",
			"smokeEffect": "shootSmallSmoke",
			"hitEffect": "flakExplosion"
		},
		"lead": {
			"speed": 4.2,
			"lifetime": 90,
			"damage": 3,
			"ammoMultiplier": 5,
			"reloadMultiplier": 0.5,
			"splashDamage": 22,
			"splashDamageRadius": 24,
			"width": 8,
			"height": 10,
			"shootEffect": "shootSmall",
			"smokeEffect": "shootSmallSmoke",
			"hitEffect": "flakExplosion"
		},
		"metaglass": {
			"speed": 4,
			"lifetime": 100,
			"damage": 3,
			"ammoMultiplier": 5,
			"reloadMultiplier": 0.5,
			"splashDamage": 30,
			"splashDamageRadius": 26,
			"fragBullet": "fragGlassFrag",
			"fragBullets": 6,
			"width": 8,
			"height": 10,
			"shootEffect": "shootSmall",
			"smokeEffect": "shootSmallSmoke",
			"hitEffect": "plasticExplosion"
		},
		"plastanium": {
			"speed": 4,
			"lifetime": 85,
			"damage": 3,
			"frontColor": "d8d97f",
	        "backColor": "fffac6",
			"ammoMultiplier": 2,
			"splashDamage": 40,
			"splashDamageRadius": 24,
			"fragBullet": "fragPlasticFrag",
			"fragBullets": 6,
			"width": 8,
			"height": 10,
			"shootEffect": "shootSmall",
			"smokeEffect": "shootSmallSmoke",
			"hitEffect": "flakExplosion"
		},
		"chirunium": {
			"speed": 4.5,
			"lifetime": 90,
			"damage": 3,
			"frontColor": "eff7ff",
			"backColor": "a0d0f8",
			"ammoMultiplier": 4,
			"splashDamage": 9,
			"splashDamageRadius": 48,
			"width": 8,
			"height": 10,
			"shootEffect": "shootSmall",
			"smokeEffect": "shootSmallSmoke",
			"hitEffect": "flakExplosion",
			"status": "freezing"
		}
	},
	"requirements": [
		{ "item": "copper", "amount": 160 },
		{ "item": "lead", "amount": 100 },
		{ "item": "titanium", "amount": 75 }
	],
	"research": "scatter"
}