{
	"type": "ItemTurret",
	"health": 1300,
	"size": 2,
	"range": 60,
	"reloadTime": 4,
	"inaccuracy": 4,
	"shots": 3,
	"spread": 2,
	"alternate": true,
	"shootCone": 50,
	"targetAir": false,
	"targetGround": true,
	"ammoUseEffect": "none",
	"shootSound": "flame",
	"recoilAmount": 0,
	"coolantMultiplier": 1.7,
	"category": "turret",
	"ammoTypes": {
		"coal": "basicFlame",
		"pyratite": "pyraFlame"
	},
	"requirements": [
		{ "item": "copper", "amount": 150 },
		{ "item": "graphite", "amount": 100 },
		{ "item": "metasteel", "amount": 40 }
	],
	"research": "scorch"
}